{"cameraMode":{"drawMode":0,"name":"Shaded","section":"Shading Mode"},"sceneLighting":true,"audioPlay":false,"sceneViewState":{"showFog":true,"showMaterialUpdate":false,"showSkybox":true,"showFlares":true,"showImageEffects":true,"showParticleSystems":true},"in2DMode":false,"pivot":{"x":-7.201467514038086,"y":-1.1340980529785157,"z":-1.523183822631836},"rotation":{"x":-0.0513041689991951,"y":0.9430950880050659,"z":-0.1733783632516861,"w":-0.2790699899196625},"size":16.549877166748048,"orthographic":false}