{"cameraMode":{"drawMode":0,"name":"Shaded","section":"Shading Mode"},"sceneLighting":false,"audioPlay":false,"sceneViewState":{"showFog":true,"showMaterialUpdate":false,"showSkybox":false,"showFlares":true,"showImageEffects":true,"showParticleSystems":true},"in2DMode":false,"pivot":{"x":3.9499998092651369,"y":6.186999797821045,"z":-10.895999908447266},"rotation":{"x":0.025768179446458818,"y":0.9466396570205689,"z":-0.3116065263748169,"w":0.07827483117580414},"size":2.8578834533691408,"orthographic":false}